﻿<?xml version="1.0" encoding="utf-8" ?>
<customers>
  <customer>

    <CustomerID>1001</CustomerID>
    <CustomerName>Rahul</CustomerName>
    <CustomerCity>BGL</CustomerCity>
  </customer>


  <customer>
    <CustomerID>1002</CustomerID>
    <CustomerName>Ram</CustomerName>
    <CustomerCity>Chennai</CustomerCity>
  </customer>

  <customer>
    <CustomerID>1003</CustomerID>
    <CustomerName>Lalith</CustomerName>
    <CustomerCity>Hyd</CustomerCity>
  </customer>

  <customer>
    <CustomerID>1004</CustomerID>
    <CustomerName>vinay</CustomerName>
    <CustomerCity>Chennai</CustomerCity>
  </customer>
</customers>
